{"cameraMode":{"drawMode":0,"name":"Shaded","section":"Shading Mode"},"sceneLighting":true,"audioPlay":false,"sceneViewState":{"m_AlwaysRefresh":false,"showFog":true,"showSkybox":true,"showFlares":true,"showImageEffects":true,"showParticleSystems":true,"showVisualEffectGraphs":true,"m_FxEnabled":true},"in2DMode":false,"pivot":{"x":-4.414534568786621,"y":-3.129662275314331,"z":-0.0664859414100647},"rotation":{"x":0.007022572681307793,"y":0.9852393269538879,"z":-0.04171004891395569,"w":0.16588012874126435},"size":5.643331527709961,"orthographic":false}