{"cameraMode":{"drawMode":0,"name":"Shaded","section":"Shading Mode"},"sceneLighting":true,"audioPlay":false,"sceneViewState":{"m_AlwaysRefresh":false,"showFog":true,"showSkybox":true,"showFlares":true,"showImageEffects":true,"showParticleSystems":true,"showVisualEffectGraphs":true,"m_FxEnabled":true},"in2DMode":false,"pivot":{"x":0.4550623297691345,"y":-3.062781572341919,"z":0.9615398049354553},"rotation":{"x":-0.012308492325246334,"y":-0.011401800438761711,"z":0.00014049856690689921,"w":-0.9998599290847778},"size":9.13596248626709,"orthographic":false}