{"cameraMode":{"drawMode":0,"name":"Shaded","section":"Shading Mode"},"sceneLighting":true,"audioPlay":false,"sceneViewState":{"m_AlwaysRefresh":false,"showFog":true,"showSkybox":true,"showFlares":true,"showImageEffects":true,"showParticleSystems":true,"showVisualEffectGraphs":true,"m_FxEnabled":true},"in2DMode":false,"pivot":{"x":0.37415963411331179,"y":2.1599674224853517,"z":1.3400001525878907},"rotation":{"x":-0.00047738110879436135,"y":0.9988546371459961,"z":-0.04679019749164581,"w":-0.010187649168074131},"size":1.0449161529541016,"orthographic":false}