{"cameraMode":{"drawMode":0,"name":"Shaded","section":"Shading Mode"},"sceneLighting":true,"audioPlay":false,"sceneViewState":{"m_AlwaysRefresh":false,"showFog":true,"showSkybox":true,"showFlares":true,"showImageEffects":true,"showParticleSystems":true,"showVisualEffectGraphs":true,"m_FxEnabled":true},"in2DMode":false,"pivot":{"x":63.900001525878909,"y":5.800000190734863,"z":4.703291893005371},"rotation":{"x":-0.043309733271598819,"y":0.14840291440486909,"z":-0.006505628116428852,"w":-0.9879568219184876},"size":6.006857395172119,"orthographic":false}